periodYearRenew,periodNumberRenew,id,birthDate,civilStatus,gender,school,admissionYear,admissionForm,coursesSemester,coursesEnrolled,coursesApproved,coursesRemoved,coursesFailed,weightedAverage,efficiency,coursesCurrent,isThesisEnroll,thesisEnrolled,origin,residency,roomies,houseType,isChangeAddress,isMarried,isBenefitUniversity,isEconomicActivity,scholarship,contributionHouseholder,contributionFamily,contributionActivities,contributionMonthlyTotal,foodExpenses,transportExpenses,medicalExpenses,dentalExpenses,personalExpenses,rentExpenses,studyMaterialExpenses,recreationalExpenses,otherExpenses,totalExpenses,howHouseholder,familyBurden,incomeHouseholder,incomeOther,incomeTotal,houseExpensesHouseholder,foodExpensesHouseholder,transportExpensesHouseholder,medicalExpensesHouseholder,dentalExpensesHouseholder,studyExpensesHouseholder,servicesExpensesHouseholder,condominiumExpensesHouseholder,otherExpensesHouseholder,totalExpensesHouseholder,raiting
2015,1,1,18/06/1951,0,0,0,2007,1,5,2,2,0,1,10.927,0.491,1,0,0,1,1,7,0,0,0,0,0,1500.000,0.000,0.000,0.000,1500.000,1000.000,500.000,800.000,0.000,1500.000,1500.000,400,0.000,500.000,6200.000,5,8,0.000,0.000,0.000,0.000,0.000,0.000,0.000,0.000,0.000,0.000,0.000,0.000,0.000,5
2014,1,2,03/01/1977,1,0,0,2006,2,6,2,10,1,0,11.314,0.669,2,0,0,1,6,7,1,0,0,0,0,1500.000,500.000,0.000,0.000,2000.000,4000.000,1500.000,0.000,1500.000,1000.000,120.000,600,0.000,2000.000,10720.000,3,4,6000.000,1000.000,7000.000,120.000,4000.000,1500.000,1000.000,1000.000,0.000,500.000,430.000,500.000,9050.000,5
2014,1,3,14/03/1979,2,0,0,2006,2,5,1,1,1,0,11.404,0.651,2,0,0,1,6,5,2,0,0,0,1,1500.000,0.000,2000.000,3000.000,6500.000,3000.000,2000.000,0.000,0.000,1000.000,0.000,500,0.000,200.000,6700.000,5,2,0.000,0.000,0.000,600.000,0.000,0.000,0.000,0.000,1000.000,300.000,0.000,0.000,1900.000,4
2014,1,4,04/08/1982,2,0,0,2010,1,3,2,2,2,0,6.979,0.468,3,0,0,0,0,7,2,0,0,0,0,1500.000,500.000,0.000,0.000,2000.000,600.000,500.000,300.000,0.000,400.000,0.000,200,0.000,0.000,2000.000,0,4,4500.000,3000.000,7500.000,0.000,4000.000,2000.000,1000.000,0.000,1500.000,500.000,0.000,0.000,9000.000,1
2014,1,5,25/11/1982,2,0,0,2011,2,6,3,3,0,0,12.523,0.833,2,0,0,1,1,4,2,0,0,0,0,1500.000,1200.000,1000.000,0.000,3700.000,500.000,400.000,0.000,0.000,1000.000,0.000,500,0.000,800.000,3200.000,4,4,744482.000,6000.000,750482.000,0.000,7000.000,2000.000,0.000,0.000,0.000,800.000,0.000,444482.000,454282.000,4
2015,1,6,20/07/1986,2,0,1,2008,2,9,2,2,0,0,14.492,1.000,2,1,1,0,0,0,1,0,0,0,0,1500.000,1000.000,0.000,0.000,2500.000,1000.000,200.000,200.000,0.000,500.000,0.000,2000,0.000,100.000,4000.000,1,4,12551.000,2000.000,14551.000,0.000,10000.000,2000.000,9000.000,0.000,1000.000,500.000,0.000,1500.000,24000.000,5
2014,1,7,27/09/1986,2,0,0,2007,2,4,2,1,0,1,0.600,0.600,2,0,0,0,0,4,1,0,0,0,0,1500.000,500.000,500.000,0.000,2500.000,500.000,500.000,1000.000,0.000,0.000,0.000,2000,0.000,500.000,4500.000,0,3,2500.000,0.000,2500.000,0.000,4500.000,1000.000,3000.000,4000.000,10000.000,2000.000,400.000,400.000,25300.000,5
2014,2,8,27/02/1989,2,0,1,2008,2,8,4,1,3,0,12.739,0.897,3,0,0,1,1,1,2,0,0,0,0,1500.000,2000.000,1000.000,0.000,4500.000,2000.000,500.000,500.000,0.000,500.000,0.000,1000,0.000,0.000,4500.000,0,2,8000.000,2000.000,10000.000,1500.000,3000.000,1000.000,1000.000,0.000,2000.000,1000.000,0.000,500.000,10000.000,5
2015,1,9,07/07/1989,2,0,1,2008,0,9,2,2,0,0,12.726,0.914,2,1,1,0,0,0,2,0,0,0,0,1500.000,400.000,0.000,0.000,1900.000,100.000,100.000,200.000,0.000,500.000,0.000,1000,0.000,100.000,2000.000,0,5,3500.000,1000.000,4500.000,0.000,2000.000,300.000,1000.000,200.000,0.000,700.000,0.000,350.000,4550.000,5
2015,1,10,10/12/1987,2,1,1,2005,2,9,5,5,0,0,11.957,,2,1,1,1,1,7,1,0,0,0,0,1500.000,1000.000,0.000,0.000,2500.000,2700.000,1000.000,500.000,500.000,100.000,0.000,500,500.000,700.000,6500.000,1,2,19000.000,0.000,19000.000,0.000,8000.000,3000.000,3000.000,2000.000,5000.000,2000.000,1500.000,4000.000,28500.000,4
2015,1,11,19/11/1988,2,0,0,2012,2,5,4,4,0,0,13.622,1.000,3,0,0,0,0,0,1,0,0,0,0,1500.000,1000.000,0.000,0.000,2500.000,500.000,400.000,0.000,0.000,200.000,0.000,800,0.000,600.000,2500.000,1,3,7028.000,5622.000,12650.000,0.000,6000.000,1000.000,0.000,0.000,2000.000,600.000,2000.000,1000.000,12600.000,5
2015,1,12,04/07/1988,2,0,1,2007,2,7,4,2,0,2,12.135,0.569,4,0,0,2,0,0,2,1,0,0,0,2000.000,800.000,0.000,0.000,2800.000,3000.000,3240.000,2500.000,1000.000,1000.000,0.000,2500,1000.000,500.000,14740.000,0,4,15186.000,0.000,15186.000,0.000,6000.000,12960.000,12000.000,4500.000,0.000,1500.000,0.000,3000.000,39960.000,5
2014,1,13,18/05/1992,2,0,1,2007,2,8,2,0,0,2,12.488,0.645,2,0,0,1,2,0,1,0,0,0,0,1500.000,3000.000,2000.000,0.000,6500.000,2500.000,500.000,800.000,0.000,400.000,0.000,2000,0.000,300.000,6500.000,0,2,7000.000,5000.000,12000.000,0.000,5000.000,2000.000,0.000,0.000,0.000,1500.000,2000.000,1500.000,12000.000,5
2015,1,14,14/08/1988,2,0,1,2007,0,10,2,2,0,0,13.921,0.927,2,1,1,1,1,7,4,0,0,1,1,1500.000,3000.000,1000.000,800.000,6300.000,1000.000,100.000,200.000,900.000,200.000,3000.000,600,100.000,200.000,6300.000,0,2,10257.000,9500.000,19757.000,0.000,10000.000,1000.000,2000.000,1200.000,0.000,1500.000,0.000,4000.000,19700.000,5
2015,1,15,25/01/1990,2,0,1,2008,0,10,0,0,0,0,13.097,0.824,1,1,1,1,5,0,5,0,0,0,0,1500.000,500.000,0.000,0.000,2000.000,500.000,200.000,200.000,0.000,500.000,0.000,500,50.000,50.000,2000.000,1,5,5622.000,0.000,5622.000,0.000,3500.000,500.000,500.000,0.000,0.000,1000.000,0.000,122.000,5622.000,5
2014,2,16,26/12/1989,2,1,1,2007,2,9,3,3,0,0,12.532,0.886,1,1,1,0,0,4,1,0,0,0,0,1500.000,0.000,0.000,0.000,1500.000,500.000,200.000,0.000,0.000,0.000,0.000,300,200.000,300.000,1500.000,0,1,3800.000,0.000,3800.000,0.000,3800.000,200.000,0.000,0.000,0.000,0.000,0.000,300.000,4300.000,3
2015,1,17,28/03/1990,2,1,1,2007,2,10,1,1,0,0,13.278,0.959,1,1,1,0,0,0,2,0,0,0,0,1500.000,800.000,200.000,0.000,2500.000,1000.000,1000.000,1500.000,1500.000,600.000,0.000,500,600.000,800.000,7500.000,1,3,8500.000,2000.000,10500.000,0.000,6500.000,2000.000,2000.000,1500.000,2500.000,800.000,0.000,1500.000,16800.000,5
2014,2,18,05/02/1988,2,1,1,2006,2,8,3,2,0,1,11.984,0.621,3,0,0,3,0,7,6,0,0,0,0,1500.000,0.000,0.000,0.000,1500.000,3000.000,0.000,0.000,0.000,0.000,0.000,1500,0.000,0.000,4500.000,1,4,5600.000,0.000,5600.000,0.000,5000.000,500.000,0.000,0.000,0.000,0.000,0.000,0.000,5500.000,5
2015,1,19,27/04/1990,2,1,1,2008,2,10,2,2,0,0,13.179,0.903,2,1,1,0,0,0,0,0,0,0,0,1500.000,500.000,200.000,200.000,2400.000,300.000,200.000,500.000,0.000,1000.000,0.000,1000,200.000,200.000,3400.000,1,3,9600.000,0.000,9600.000,0.000,5000.000,1000.000,1000.000,0.000,500.000,500.000,0.000,2000.000,10000.000,5
2015,1,20,18/05/1992,2,0,1,2007,2,9,1,1,0,0,13.669,0.885,2,1,1,0,0,7,1,0,0,0,0,1500.000,7000.000,0.000,0.000,8500.000,3000.000,400.000,1500.000,0.000,0.000,0.000,2000,0.000,500.000,7400.000,1,3,11000.000,10000.000,21000.000,0.000,10000.000,2000.000,3000.000,0.000,3000.000,3000.000,1500.000,0.000,22500.000,5
2014,2,21,26/12/1990,2,0,1,2008,0,9,3,3,0,0,13.021,0.830,2,1,1,0,0,0,2,0,0,0,0,1500.000,1000.000,0.000,0.000,2500.000,2000.000,500.000,500.000,0.000,500.000,0.000,1500,500.000,200.000,5700.000,0,5,13682.000,5000.000,18682.000,0.000,8000.000,2500.000,1000.000,0.000,3000.000,700.000,0.000,1500.000,16700.000,5
2015,1,22,12/09/1989,1,0,1,2006,2,9,1,1,0,0,12.165,0.781,1,1,1,0,0,1,2,0,1,0,0,1500.000,500.000,0.000,0.000,2000.000,800.000,500.000,500.000,0.000,800.000,0.000,500,300.000,200.000,3600.000,3,4,6000.000,0.000,6000.000,0.000,3000.000,1200.000,2000.000,0.000,3000.000,1000.000,0.000,1000.000,11200.000,5
2014,2,23,15/09/1990,2,0,1,2008,0,10,1,1,0,0,15.280,1.000,1,1,2,1,5,0,2,0,0,0,0,1500.000,3000.000,500.000,0.000,5000.000,1000.000,700.000,0.000,0.000,1300.000,0.000,1200,700.000,150.000,5050.000,1,2,16996.770,3000.000,19996.770,0.000,12500.000,2000.000,0.000,700.000,0.000,600.000,0.000,1200.000,17000.000,5
2015,1,24,10/09/1991,2,0,1,2010,0,8,5,5,0,0,14.845,1.000,4,0,0,0,0,7,1,0,0,0,0,1500.000,800.000,0.000,0.000,2300.000,8000.000,300.000,800.000,0.000,1200.000,0.000,600,0.000,10900.000,21800.000,1,3,12445.480,3000.000,15445.480,0.000,10000.000,600.000,0.000,0.000,0.000,2000.000,500.000,2000.000,15100.000,5
2015,1,25,17/12/1990,2,0,1,2009,2,10,2,2,0,0,15.899,1.000,2,1,1,1,6,7,1,0,0,0,0,1500.000,2000.000,0.000,0.000,3500.000,1000.000,0.000,500.000,0.000,1000.000,0.000,250,1000.000,500.000,4250.000,0,2,10000.000,0.000,10000.000,1500.000,5000.000,500.000,500.000,0.000,0.000,1000.000,1000.000,2000.000,11500.000,4
2014,2,26,18/03/1989,2,0,1,2006,0,5,2,0,2,0,12.947,0.636,1,0,0,1,7,7,0,1,0,0,0,1500.000,2000.000,0.000,0.000,3500.000,0.000,400.000,0.000,1000.000,0.000,0.000,1000,0.000,300.000,2700.000,3,2,8000.000,0.000,8000.000,0.000,6000.000,400.000,1000.000,1000.000,0.000,0.000,0.000,1000.000,9400.000,5
2014,2,27,03/10/1990,2,1,1,2008,2,8,4,3,0,1,13.205,0.770,4,0,0,1,7,4,2,0,0,0,0,1500.000,1000.000,200.000,0.000,2700.000,2000.000,150.000,0.000,0.000,200.000,0.000,350,0.000,0.000,2700.000,4,5,7500.000,0.000,7500.000,0.000,5000.000,800.000,400.000,0.000,0.000,300.000,0.000,1000.000,7500.000,5
2014,2,28,16/05/1991,2,1,1,2010,2,8,4,4,0,0,11.550,0.895,4,0,0,1,7,4,2,0,0,0,0,1500.000,1200.000,0.000,0.000,2700.000,300.000,450.000,250.000,0.000,500.000,0.000,700,200.000,250.000,2650.000,4,3,5622.000,0.000,5622.000,0.000,3000.000,2000.000,300.000,0.000,200.000,100.000,0.000,0.000,5600.000,5
2015,1,29,26/06/1991,2,0,1,2009,0,6,5,4,0,1,12.902,0.801,4,0,0,0,0,0,2,0,0,0,0,1500.000,1500.000,0.000,0.000,3000.000,0.000,600.000,0.000,650.000,0.000,0.000,3000,0.000,0.000,4250.000,0,2,7000.000,0.000,7000.000,0.000,4000.000,2000.000,0.000,0.000,1000.000,0.000,0.000,0.000,7000.000,5
2015,1,30,29/01/1990,2,1,1,2010,2,6,3,3,0,0,12.537,0.830,4,0,0,0,0,7,1,0,0,0,0,1500.000,500.000,1000.000,0.000,3000.000,2000.000,500.000,0.000,0.000,600.000,0.000,600,0.000,200.000,3900.000,0,3,6700.000,0.000,6700.000,0.000,10000.000,2000.000,0.000,0.000,0.000,0.000,0.000,0.000,12000.000,5
2015,1,31,18/09/1990,2,0,1,2009,0,9,4,4,0,0,14.180,0.100,2,1,1,1,7,0,2,0,0,0,0,1500.000,3000.000,2500.000,0.000,7000.000,2000.000,350.000,500.000,500.000,750.000,0.000,1500,1000.000,200.000,6800.000,1,4,8788.000,8000.000,16788.000,200.000,7000.000,2000.000,2500.000,1000.000,0.000,1000.000,0.000,1500.000,15200.000,5
2014,1,32,05/11/1989,2,0,1,2008,2,7,4,3,0,1,13.225,0.793,4,0,0,1,3,0,conserjer√≠a ,0,0,0,0,1500.000,1000.000,0.000,0.000,2500.000,0.000,850.000,0.000,0.000,500.000,0.000,1500,0.000,150.000,3000.000,1,4,6529.000,5000.000,11529.000,0.000,10000.000,1700.000,2000.000,0.000,0.000,0.000,0.000,500.000,14200.000,4
2014,1,33,18/02/1991,2,0,0,2010,2,4,3,4,0,0,11.916,0.594,3,1,3,1,1,7,1,0,0,0,0,1500.000,1500.000,0.000,0.000,3000.000,700.000,1000.000,200.000,0.000,300.000,0.000,500,0.000,300.000,3000.000,0,3,24905.010,0.000,24905.010,4300.000,9000.000,1500.000,3000.000,0.000,2500.000,1000.000,2600.000,1500.000,25400.000,5
2014,2,34,24/11/1989,2,0,0,2011,2,7,2,2,0,0,,0.983,2,0,0,1,4,4,1,0,0,0,0,1500.000,500.000,0.000,0.000,2000.000,0.000,300.000,0.000,300.000,500.000,0.000,1000,200.000,0.000,2300.000,4,1,8096.000,0.000,8096.000,1000.000,3000.000,300.000,500.000,0.000,1500.000,300.000,300.000,500.000,7400.000,5
2015,1,35,22/06/1990,2,0,1,2010,2,7,6,5,1,1,11.936,0.798,6,0,0,1,7,7,3,0,0,0,0,1500.000,3000.000,0.000,0.000,4500.000,2400.000,600.000,0.000,0.000,0.000,0.000,500,0.000,1600.000,5100.000,0,4,14000.000,0.000,14000.000,0.000,8000.000,2200.000,0.000,0.000,0.000,600.000,0.000,2000.000,12800.000,3
2015,1,36,09/04/1990,2,0,1,2008,0,10,2,2,0,0,14.873,,2,1,1,0,0,7,5,0,0,0,0,1500.000,1600.000,0.000,0.000,3100.000,400.000,600.000,300.000,0.000,400.000,0.000,450,800.000,120.000,3070.000,0,1,10000.000,0.000,10000.000,4000.000,4000.000,900.000,700.000,0.000,0.000,150.000,0.000,180.000,9930.000,4
2014,2,37,06/09/1989,2,1,1,2008,2,10,2,2,0,0,14.438,1.000,2,1,1,1,5,7,1,0,0,0,0,1500.000,4000.000,0.000,0.000,5500.000,3000.000,1840.000,0.000,0.000,3000.000,0.000,500,2000.000,1500.000,11840.000,0,5,23152.740,0.000,23152.740,0.000,10000.000,9640.000,0.000,5000.000,0.000,600.000,500.000,700.000,26440.000,4
2014,2,38,28/06/1991,2,0,1,2008,0,10,2,2,0,0,14.194,1.000,2,1,1,0,0,7,1,0,0,0,0,1500.000,3000.000,235.000,0.000,4735.000,2000.000,2000.000,3000.000,2000.000,2000.000,0.000,2500,2000.000,1200.000,16700.000,0,1,9066.840,0.000,9066.840,0.000,5000.000,2000.000,3000.000,0.000,0.000,2000.000,0.000,3500.000,15500.000,4
2014,2,39,22/03/1991,2,0,0,2010,2,6,2,2,0,0,13.266,0.955,2,0,1,0,0,7,2,1,0,0,0,1500.000,4000.000,0.000,0.000,5500.000,2000.000,100.000,0.000,1000.000,500.000,0.000,500,500.000,200.000,4800.000,1,5,15000.000,0.000,15000.000,0.000,6000.000,0.000,0.000,0.000,0.000,500.000,0.000,500.000,7000.000,5
2015,1,40,21/09/1990,2,0,1,2008,2,10,2,2,0,0,14.557,1.000,2,1,2,1,6,7,1,0,0,0,0,1500.000,1500.000,0.000,0.000,3000.000,0.000,1500.000,0.000,0.000,0.000,0.000,500,0.000,0.000,2000.000,0,1,5622.480,5622.480,11244.960,0.000,5000.000,2000.000,0.000,0.000,0.000,0.000,500.000,1000.000,8500.000,5
2014,2,41,19/10/1991,2,0,1,2010,2,8,5,5,0,0,14.338,0.100,4,0,0,0,0,7,1,0,0,0,0,1500.000,1000.000,0.000,0.000,2500.000,200.000,0.000,0.000,0.000,0.000,0.000,1000,0.000,300.000,1500.000,0,3,9000.000,0.000,9000.000,600.000,5000.000,1000.000,0.000,0.000,500.000,300.000,600.000,1000.000,9000.000,5
2014,2,42,23/11/1990,2,0,1,2008,2,8,5,5,0,0,13.652,,5,0,0,1,1,0,1,0,0,0,0,1500.000,1000.000,200.000,0.000,2700.000,400.000,100.000,0.000,0.000,600.000,0.000,1400,100.000,100.000,2700.000,1,5,7500.000,0.000,7500.000,0.000,4500.000,300.000,0.000,0.000,1300.000,600.000,600.000,300.000,7600.000,4
2014,2,43,18/05/1992,2,0,1,2011,2,7,4,4,0,0,13.600,1.000,4,0,0,0,0,7,0,0,0,0,0,1500.000,500.000,0.000,0.000,2000.000,300.000,0.000,200.000,0.000,200.000,0.000,1000,0.000,300.000,2000.000,1,4,10000.000,5000.000,15000.000,0.000,8000.000,200.000,500.000,0.000,0.000,1000.000,0.000,1800.000,11500.000,5
2014,2,44,18/05/1992,2,0,1,2011,2,7,4,4,0,0,13.600,1.000,4,0,0,0,0,0,0,0,0,0,0,1500.000,500.000,0.000,0.000,2000.000,300.000,0.000,200.000,0.000,200.000,0.000,1000,0.000,300.000,2000.000,1,4,10000.000,5000.000,15000.000,0.000,8000.000,200.000,500.000,0.000,0.000,1000.000,0.000,1800.000,11500.000,5
2014,1,45,18/05/1992,2,0,1,2010,2,7,4,4,0,0,13.666,1.000,4,0,0,0,0,7,0,0,0,1,0,1500.000,500.000,0.000,0.000,2000.000,300.000,0.000,200.000,0.000,200.000,0.000,1000,0.000,300.000,2000.000,1,4,10000.000,5000.000,15000.000,0.000,8000.000,200.000,500.000,0.000,0.000,1000.000,0.000,1800.000,11500.000,5
2014,2,46,21/04/1990,2,1,1,2011,0,7,4,2,0,2,14.200,0.915,5,0,0,1,1,7,1,0,0,0,0,2000.000,600.000,0.000,0.000,2600.000,1000.000,1000.000,0.000,0.000,1500.000,0.000,2000,1500.000,300.000,7300.000,0,2,7000.000,0.000,7000.000,2000.000,5000.000,2000.000,0.000,0.000,0.000,500.000,0.000,1000.000,10500.000,5
2014,2,47,24/01/1991,2,1,1,2008,0,10,1,1,0,0,16.712,1.000,1,1,1,1,5,0,0,0,0,0,0,1500.000,2000.000,0.000,0.000,3500.000,500.000,1000.000,0.000,0.000,0.000,0.000,2000,0.000,0.000,3500.000,1,5,16000.000,0.000,16000.000,0.000,7000.000,1000.000,4000.000,1000.000,2000.000,1000.000,0.000,0.000,16000.000,5
2015,1,48,08/09/1990,2,0,1,2008,2,2,3,3,0,0,14.000,0.386,4,0,0,1,7,0,0,0,0,1,0,1500.000,1000.000,500.000,0.000,3000.000,400.000,400.000,2000.000,0.000,1000.000,0.000,1000,800.000,500.000,6100.000,1,4,1703645.000,2000.000,1705645.000,0.000,2500.000,700.000,2500.000,0.000,6000.000,500.000,0.000,580.000,12780.000,4
2014,1,49,27/05/1988,2,1,0,2009,2,5,2,2,0,0,11.174,0.612,3,1,3,1,7,7,2,0,0,0,0,1500.000,2800.000,0.000,0.000,4300.000,0.000,0.000,0.000,0.000,0.000,0.000,1800,0.000,0.000,1800.000,0,2,7000.000,0.000,7000.000,1800.000,2000.000,2800.000,0.000,0.000,0.000,0.000,0.000,0.000,6600.000,4
2014,2,50,24/08/1992,2,0,1,2010,2,8,4,3,1,1,13.500,0.950,4,0,0,1,6,0,0,0,0,0,0,1500.000,2000.000,0.000,0.000,3500.000,2000.000,600.000,1000.000,0.000,2000.000,0.000,2000,2000.000,0.000,9600.000,0,4,17200.000,0.000,17200.000,800.000,8000.000,2000.000,2000.000,2000.000,0.000,800.000,1900.000,2000.000,19500.000,5
2014,2,51,11/01/2015,2,0,0,2010,2,7,2,2,0,0,12.565,0.983,2,1,0,0,0,0,2,0,0,0,0,1500.000,600.000,500.000,0.000,2600.000,400.000,560.000,300.000,0.000,1000.000,0.000,300,0.000,0.000,2560.000,1,5,40000.000,0.000,40000.000,0.000,20000.000,1680.000,10000.000,0.000,0.000,800.000,0.000,5000.000,37480.000,5
2014,2,52,26/07/1991,2,0,1,2009,2,7,5,4,0,1,12.609,0.759,4,0,0,0,0,7,2,0,0,0,0,1500.000,1400.000,500.000,200.000,3600.000,400.000,2300.000,0.000,0.000,150.000,0.000,600,400.000,100.000,3950.000,0,3,8500.000,4000.000,12500.000,0.000,5500.000,3500.000,2000.000,0.000,0.000,400.000,0.000,800.000,12200.000,5
2015,1,53,22/02/1991,2,0,1,2008,2,10,2,2,0,0,13.675,0.972,2,1,1,0,0,0,1,0,0,0,0,1500.000,2000.000,2000.000,0.000,5500.000,30000.000,2000.000,10000.000,0.000,1000.000,0.000,2000,1000.000,1500.000,47500.000,4,3,22000.000,5000.000,27000.000,0.000,30000.000,3000.000,0.000,0.000,4500.000,1500.000,350.000,0.000,39350.000,5
2015,1,54,11/07/1992,2,1,1,2008,0,10,1,1,0,0,14.906,1.000,1,1,1,4,0,7,2,0,0,0,0,1500.000,1500.000,2000.000,0.000,5000.000,1000.000,250.000,0.000,0.000,750.000,1500.000,500,800.000,200.000,5000.000,0,3,7977.000,15000.000,22977.000,0.000,10000.000,500.000,500.000,0.000,3000.000,500.000,0.000,500.000,15000.000,5
2015,1,55,18/04/1991,2,0,1,2008,0,9,4,4,0,0,13.654,1.000,2,1,1,1,6,7,1,1,0,0,0,1500.000,1500.000,0.000,0.000,3000.000,600.000,1300.000,0.000,0.000,400.000,0.000,700,0.000,0.000,3000.000,1,2,5622.000,0.000,5622.000,0.000,2000.000,500.000,1500.000,0.000,0.000,60.000,0.000,0.000,4060.000,5
2014,1,56,07/04/1990,2,0,0,2008,2,7,2,2,0,0,12.083,0.788,2,0,0,1,7,4,1,0,0,0,0,1500.000,700.000,0.000,0.000,2200.000,500.000,200.000,200.000,0.000,600.000,0.000,150,0.000,200.000,1850.000,0,2,5600.000,0.000,5600.000,0.000,2500.000,1000.000,0.000,0.000,0.000,300.000,500.000,300.000,4600.000,5
2014,11,57,12/12/1990,2,0,0,2011,2,6,3,3,0,0,12.066,0.921,2,1,3,0,0,0,1,0,0,0,0,1500.000,800.000,0.000,0.000,2300.000,0.000,720.000,0.000,0.000,800.000,0.000,1000,500.000,0.000,3020.000,0,2,5622.000,0.000,5622.000,0.000,3000.000,720.000,0.000,0.000,0.000,400.000,3000.000,2000.000,9120.000,5
2014,1,58,11/10/1990,2,0,1,2010,2,7,4,2,0,2,12.659,0.820,4,0,0,0,0,0,1,0,0,0,0,1500.000,2000.000,0.000,0.000,3500.000,2500.000,400.000,1000.000,0.000,3000.000,0.000,2000,0.000,500.000,9400.000,0,3,15000.000,15000.000,30000.000,0.000,12000.000,2000.000,2000.000,0.000,3500.000,700.000,2200.000,1200.000,23600.000,4
2014,2,59,25/07/1990,2,0,1,2008,1,9,1,1,0,0,13.172,0.903,2,1,1,1,0,0,1,1,0,0,0,1500.000,500.000,100.000,0.000,2100.000,100.000,700.000,0.000,0.000,200.000,0.000,500,500.000,200.000,2200.000,1,3,15000.000,0.000,15000.000,0.000,10000.000,1000.000,5000.000,3000.000,3000.000,1000.000,1000.000,2000.000,26000.000,4
2015,1,60,08/09/1992,2,0,1,2009,0,9,4,4,0,0,16.300,1.000,2,1,1,1,6,7,0,0,0,0,0,1500.000,2500.000,500.000,0.000,4500.000,800.000,800.000,0.000,500.000,1000.000,0.000,1000,400.000,0.000,4500.000,0,2,8000.000,2000.000,10000.000,0.000,5000.000,500.000,500.000,0.000,0.000,800.000,300.000,400.000,7500.000,5
2015,1,61,21/03/1991,2,0,1,2008,2,10,1,1,0,0,14.871,1.000,1,1,1,0,0,2,1,0,0,0,0,1500.000,1000.000,0.000,0.000,2500.000,800.000,60.000,100.000,0.000,300.000,0.000,500,400.000,500.000,2660.000,0,2,14827.000,6000.000,20827.000,0.000,12000.000,1660.000,4000.000,2000.000,1150.000,1330.000,2000.000,1800.000,25940.000,4
2014,1,62,20/09/1991,2,0,1,2010,2,6,3,2,0,1,12.487,0.769,5,0,0,1,1,7,1,0,0,0,0,1500.000,700.000,500.000,0.000,2700.000,2000.000,600.000,800.000,2000.000,1500.000,0.000,2500,500.000,400.000,10300.000,0,1,12500.000,0.000,12500.000,0.000,3500.000,200.000,900.000,700.000,0.000,800.000,2000.000,1000.000,9100.000,5
2014,2,63,20/07/1992,2,0,0,2010,2,7,2,2,0,0,12.704,0.927,2,0,0,1,2,7,0,0,0,0,0,1500.000,1000.000,0.000,0.000,2500.000,1200.000,760.000,0.000,0.000,140.000,0.000,400,0.000,0.000,2500.000,0,4,6850.000,0.000,6850.000,0.000,4000.000,600.000,325.000,0.000,0.000,490.000,0.000,1435.000,6850.000,5
2014,1,64,23/08/1989,2,0,1,2008,2,7,5,2,0,3,11.453,0.618,5,0,0,5,0,0,1,0,0,0,0,1500.000,500.000,0.000,0.000,2000.000,300.000,300.000,0.000,0.000,300.000,0.000,1000,0.000,100.000,2000.000,1,2,9000.000,7000.000,16000.000,6000.000,5000.000,0.000,2000.000,0.000,0.000,2000.000,0.000,1000.000,16000.000,5
2015,1,65,04/05/1992,2,0,1,2008,0,10,1,1,0,0,14.460,0.972,1,1,1,0,0,7,4,0,0,0,0,1500.000,4000.000,1000.000,0.000,6500.000,2000.000,1000.000,0.000,0.000,0.000,2700.000,2000,0.000,0.000,7700.000,4,2,11000.000,0.000,11000.000,2700.000,5000.000,3000.000,0.000,2000.000,4000.000,100.000,0.000,0.000,16800.000,3
2015,1,66,18/12/1990,2,0,1,2010,2,5,5,3,1,1,12.986,0.753,4,0,0,0,0,0,1,0,0,0,0,1500.000,600.000,0.000,0.000,2100.000,400.000,550.000,0.000,0.000,200.000,0.000,900,0.000,0.000,2050.000,1,4,14000.000,8000.000,22000.000,0.000,9000.000,5000.000,2000.000,0.000,0.000,1600.000,800.000,1500.000,19900.000,4
2015,1,67,21/09/1991,2,0,1,2008,0,8,3,3,0,0,12.750,0.850,2,0,0,6,0,7,0,0,0,0,0,1500.000,3000.000,0.000,0.000,4500.000,1700.000,100.000,0.000,0.000,300.000,1900.000,500,0.000,0.000,4500.000,0,3,9000.000,0.000,9000.000,0.000,5000.000,500.000,0.000,0.000,0.000,0.000,0.000,0.000,5500.000,5
2014,2,68,26/10/1991,2,1,1,2009,0,8,5,5,0,0,12.975,0.896,4,0,0,7,0,5,1,0,0,0,0,1500.000,4500.000,0.000,0.000,6000.000,1500.000,500.000,800.000,300.000,600.000,0.000,1000,800.000,500.000,6000.000,0,3,9800.000,6000.000,15800.000,0.000,4000.000,1000.000,3000.000,2000.000,1000.000,800.000,1500.000,2500.000,15800.000,5
2014,2,69,23/08/1991,2,0,1,2008,0,9,4,4,0,0,13.489,0.946,2,1,1,0,0,7,1,0,0,0,0,1500.000,3000.000,0.000,0.000,4500.000,2000.000,300.000,200.000,0.000,500.000,0.000,1000,300.000,200.000,4500.000,0,3,5622.000,4000.000,9622.000,0.000,5000.000,100.000,900.000,0.000,0.000,600.000,1000.000,0.000,7600.000,4
2014,1,70,30/05/1993,2,0,0,2011,2,5,3,2,0,1,12.218,0.914,2,0,0,1,5,2,0,0,0,0,0,1500.000,1400.000,2000.000,0.000,4900.000,0.000,2420.000,2000.000,1500.000,2500.000,0.000,2000,0.000,1000.000,11420.000,0,3,10900.000,4000.000,14900.000,6000.000,5000.000,7664.000,4000.000,2000.000,2350.000,380.000,300.000,700.000,28394.000,4
2015,1,71,01/11/1991,2,0,1,2009,2,10,1,1,0,0,14.814,1.000,1,1,1,1,1,0,1,0,0,0,0,1500.000,2500.000,0.000,0.000,4000.000,1200.000,300.000,0.000,0.000,1000.000,0.000,1500,0.000,0.000,4000.000,1,3,6761.000,0.000,6761.000,0.000,3000.000,900.000,0.000,0.000,0.000,0.000,0.000,0.000,3900.000,5
2014,1,72,28/06/1993,2,0,1,2009,0,9,4,4,0,0,14.314,0.972,2,1,1,8,0,5,1,0,0,0,0,1500.000,2000.000,1000.000,0.000,4500.000,1500.000,200.000,1000.000,0.000,1000.000,0.000,800,0.000,0.000,4500.000,1,4,10323.000,0.000,10323.000,0.000,6123.000,200.000,1000.000,1000.000,1000.000,500.000,0.000,500.000,10323.000,5
2015,1,73,19/10/1991,2,1,1,2011,2,8,4,4,0,0,13.000,1.000,4,0,0,1,6,7,1,0,0,0,0,1500.000,1500.000,0.000,0.000,3000.000,1000.000,1000.000,1000.000,0.000,1000.000,0.000,1000,500.000,500.000,6000.000,0,2,30000.000,0.000,30000.000,0.000,15000.000,5000.000,2000.000,0.000,1500.000,3000.000,1000.000,2000.000,29500.000,5
2014,1,74,12/07/1993,2,0,0,2011,2,8,2,2,10,3,14.130,1.000,3,0,0,1,1,7,4,0,0,0,0,1500.000,3500.000,1500.000,0.000,6500.000,1500.000,300.000,0.000,0.000,500.000,4000.000,200,0.000,0.000,6500.000,1,2,7000.000,2000.000,9000.000,0.000,2000.000,500.000,2000.000,0.000,0.000,1000.000,800.000,1000.000,7300.000,4
2015,2,75,13/04/1993,2,0,1,2011,0,7,5,5,0,0,15.557,1.000,5,0,0,3,2,5,4,0,0,0,0,1500.000,6000.000,0.000,0.000,7500.000,2000.000,300.000,200.000,0.000,400.000,3000.000,500,0.000,200.000,6600.000,1,5,10000.000,5000.000,15000.000,0.000,7000.000,400.000,1000.000,0.000,200.000,1500.000,500.000,2000.000,12600.000,5
2014,2,76,20/07/1991,2,0,1,2013,2,3,5,5,0,0,15.388,1.000,6,0,0,0,0,0,1,0,0,0,0,1500.000,2500.000,0.000,0.000,4000.000,4000.000,400.000,700.000,600.000,700.000,0.000,700,500.000,260.000,7860.000,1,4,37318.750,0.000,37318.750,0.000,20000.000,1300.000,3000.000,600.000,5400.000,700.000,1900.000,10000.000,42900.000,5
2014,1,77,08/07/1994,2,0,1,2012,2,4,6,5,1,0,14.961,1.000,5,0,0,0,0,0,1,0,0,0,0,1500.000,1500.000,0.000,0.000,3000.000,700.000,500.000,500.000,0.000,500.000,0.000,1000,500.000,0.000,3700.000,0,4,9777.000,5000.000,14777.000,0.000,5000.000,1500.000,2000.000,0.000,1500.000,3000.000,1000.000,1000.000,15000.000,4
2014,11,78,03/04/1993,2,0,0,2014,1,3,5,5,0,0,16.833,1.000,5,0,0,1,4,7,4,0,0,0,0,1500.000,1500.000,0.000,0.000,3000.000,400.000,300.000,0.000,0.000,500.000,0.000,650,700.000,450.000,3000.000,0,1,7500.000,0.000,7500.000,4120.000,1000.000,100.000,900.000,0.000,0.000,400.000,0.000,300.000,6820.000,4
2015,1,79,10/01/1992,2,0,1,2010,2,7,4,4,0,0,14.114,1.000,4,0,0,0,0,7,1,0,0,0,0,1500.000,1000.000,0.000,0.000,2500.000,0.000,0.000,0.000,0.000,0.000,0.000,4000,0.000,500.000,4500.000,0,2,12000.000,0.000,12000.000,2000.000,4000.000,2000.000,0.000,0.000,0.000,700.000,500.000,0.000,9200.000,5
2015,1,80,08/10/1992,2,0,0,2014,2,3,5,5,0,0,11.833,1.000,5,0,0,0,0,0,1,0,0,0,0,1500.000,1000.000,0.000,0.000,2500.000,500.000,400.000,0.000,0.000,250.000,0.000,800,0.000,600.000,2550.000,1,3,7028.000,5622.000,12650.000,0.000,6000.000,1000.000,0.000,0.000,2000.000,600.000,2000.000,1000.000,12600.000,5
2014,2,81,13/09/1991,2,0,1,2010,2,7,4,4,0,0,13.196,0.983,6,0,0,0,0,0,1,0,0,0,0,1500.000,2000.000,1000.000,0.000,4500.000,1000.000,1000.000,300.000,0.000,700.000,0.000,1000,0.000,500.000,4500.000,1,2,10000.000,10000.000,20000.000,0.000,13000.000,3000.000,1000.000,0.000,0.000,1000.000,200.000,1500.000,19700.000,5
2014,2,82,13/08/1992,2,0,1,2011,2,7,4,4,0,0,14.590,1.000,5,0,0,0,0,7,1,0,0,1,0,1500.000,0.000,0.000,1000.000,2500.000,500.000,0.000,0.000,0.000,500.000,0.000,1500,0.000,0.000,2500.000,0,2,6050.000,0.000,6050.000,1500.000,3200.000,500.000,0.000,0.000,0.000,800.000,0.000,0.000,6000.000,4
2015,1,83,24/01/1992,2,0,1,2009,2,8,5,3,0,2,12.000,0.798,5,0,0,2,5,6,1,0,0,0,0,1500.000,1500.000,3000.000,1000.000,7000.000,1500.000,300.000,300.000,0.000,1000.000,1000.000,3000,1000.000,2000.000,10100.000,0,2,11550.000,7000.000,18550.000,0.000,9000.000,1000.000,1000.000,0.000,3000.000,3000.000,600.000,2000.000,19600.000,5
2014,2,84,29/10/1993,2,0,1,2011,0,6,5,5,0,0,13.670,,4,0,0,9,0,4,2,0,0,1,0,1500.000,2000.000,0.000,0.000,3500.000,1500.000,500.000,0.000,0.000,0.000,0.000,1000,0.000,500.000,3500.000,1,2,5000.000,0.000,5000.000,0.000,3000.000,500.000,500.000,0.000,0.000,300.000,0.000,700.000,5000.000,5
2014,2,85,21/06/1993,2,1,1,2011,0,7,4,4,0,0,14.676,1.000,4,0,0,5,0,7,0,0,0,1,0,1500.000,1500.000,0.000,0.000,3000.000,900.000,1600.000,0.000,0.000,0.000,0.000,500,0.000,0.000,3000.000,0,3,5622.000,0.000,5622.000,0.000,2500.000,1000.000,2000.000,0.000,0.000,122.000,0.000,0.000,5622.000,4
2014,2,86,20/02/1992,2,1,1,2011,0,7,4,4,0,0,15.877,1.000,6,0,0,0,0,0,2,0,0,0,0,1500.000,800.000,0.000,0.000,2300.000,500.000,150.000,0.000,0.000,600.000,0.000,1000,0.000,50.000,2300.000,0,3,8000.000,0.000,8000.000,1500.000,4000.000,500.000,2000.000,0.000,0.000,0.000,0.000,0.000,8000.000,4
2014,1,87,07/06/1993,2,0,0,2010,2,7,2,2,0,0,12.900,0.900,2,0,1,0,0,7,1,0,0,0,0,1500.000,1000.000,0.000,0.000,2500.000,500.000,800.000,0.000,0.000,0.000,0.000,500,200.000,500.000,2500.000,0,5,5600.000,5000.000,10600.000,0.000,5000.000,1200.000,600.000,0.000,1000.000,1000.000,800.000,1000.000,10600.000,5
2014,2,88,03/04/1992,2,0,0,2009,2,5,2,2,0,0,11.604,0.760,2,0,0,1,7,1,2,1,0,1,0,1500.000,1000.000,0.000,0.000,2500.000,500.000,1000.000,0.000,0.000,500.000,0.000,500,0.000,0.000,2500.000,0,4,4480.000,2000.000,6480.000,0.000,2000.000,1000.000,0.000,0.000,0.000,1000.000,600.000,1000.000,5600.000,5
2014,2,89,18/04/1993,2,0,1,2012,2,5,4,4,0,0,17.220,1.000,7,0,0,1,4,7,2,0,0,0,0,1500.000,400.000,0.000,0.000,1900.000,1500.000,400.000,300.000,0.000,1000.000,0.000,1000,500.000,500.000,5200.000,0,2,7980.000,0.000,7980.000,0.000,7000.000,1000.000,1500.000,0.000,0.000,400.000,0.000,800.000,10700.000,5
2015,1,90,24/05/1991,2,0,1,2010,2,7,5,4,1,0,13.336,0.930,4,0,0,11,0,5,1,0,0,0,0,1500.000,500.000,500.000,0.000,2500.000,1000.000,600.000,200.000,0.000,1000.000,0.000,2000,500.000,300.000,5600.000,4,4,9100.000,0.000,9100.000,0.000,4000.000,1000.000,0.000,0.000,1000.000,500.000,0.000,0.000,6500.000,4
2014,1,91,21/11/1992,2,0,0,2010,2,6,3,3,0,0,11.158,0.695,1,1,0,1,0,7,1,0,0,0,0,1500.000,1000.000,0.000,0.000,2500.000,0.000,1500.000,0.000,0.000,0.000,0.000,1000,0.000,0.000,2500.000,0,4,5500.000,0.000,5500.000,0.000,5000.000,500.000,0.000,0.000,0.000,0.000,0.000,0.000,5500.000,4
2015,1,92,22/05/1993,2,0,1,2010,2,4,3,1,1,1,12.700,0.727,4,0,0,1,6,0,0,0,0,0,0,1500.000,1500.000,0.000,0.000,3000.000,1200.000,700.000,300.000,0.000,300.000,0.000,300,0.000,200.000,3000.000,0,5,10810.910,7500.000,18310.910,400.000,5000.000,1400.000,2450.000,1000.000,3500.000,750.000,800.000,3000.000,18300.000,5
2014,11,93,27/08/1993,2,0,0,2011,0,7,2,2,0,0,13.078,0.983,2,1,3,1,6,0,2,0,0,0,0,1500.000,900.000,0.000,0.000,2400.000,700.000,500.000,0.000,0.000,100.000,0.000,1000,0.000,100.000,2400.000,1,4,8000.000,0.000,8000.000,800.000,4000.000,1500.000,0.000,0.000,650.000,250.000,400.000,300.000,7900.000,4
2014,2,94,17/08/1993,2,0,1,2011,0,6,6,5,1,0,13.227,0.859,3,0,0,12,2,4,1,0,0,0,0,1500.000,1500.000,0.000,0.000,3000.000,500.000,100.000,300.000,0.000,600.000,0.000,1300,200.000,0.000,3000.000,1,3,6700.000,0.000,6700.000,0.000,5000.000,1000.000,1500.000,0.000,2000.000,1000.000,0.000,700.000,11200.000,3
2014,2,95,09/11/1992,2,0,1,2009,2,8,4,4,0,0,13.222,0.951,3,0,0,1,1,7,1,0,0,0,0,1500.000,3000.000,1000.000,0.000,5500.000,2000.000,1500.000,1000.000,0.000,2500.000,0.000,2000,2500.000,355.000,11855.000,1,2,10000.000,8000.000,18000.000,0.000,12000.000,3000.000,0.000,0.000,2500.000,3500.000,2100.000,5000.000,28100.000,5
2015,1,96,22/02/1991,2,0,1,2008,1,10,0,0,0,0,12.947,0.927,1,1,1,0,0,7,3,0,0,0,0,1500.000,600.000,600.000,0.000,2700.000,1000.000,500.000,1000.000,1000.000,500.000,0.000,1500,1000.000,1000.000,7500.000,0,4,5622.480,3000.000,8622.480,0.000,3000.000,1500.000,1000.000,1000.000,500.000,500.000,0.000,500.000,8000.000,4
2014,2,97,19/02/1994,2,0,1,2011,0,6,5,5,0,0,13.824,0.968,4,0,0,1,7,7,2,0,0,0,0,1500.000,1500.000,0.000,0.000,3000.000,500.000,1000.000,0.000,0.000,300.000,0.000,1200,0.000,0.000,3000.000,4,3,6750.000,0.000,6750.000,0.000,3500.000,1500.000,0.000,0.000,1500.000,250.000,0.000,0.000,6750.000,5
2014,1,98,09/11/1993,2,0,0,2011,2,6,3,3,0,0,12.171,0.981,1,0,0,0,0,0,2,0,0,0,0,1500.000,1000.000,500.000,0.000,3000.000,600.000,400.000,300.000,800.000,300.000,0.000,500,200.000,200.000,3300.000,1,4,7500.000,5000.000,12500.000,0.000,6000.000,1000.000,2000.000,2000.000,100.000,400.000,500.000,500.000,12500.000,5
2014,2,99,01/11/1990,2,0,1,2008,0,8,4,2,1,1,12.024,0.838,4,0,0,1,1,7,4,0,0,0,0,1500.000,4000.000,500.000,0.000,6000.000,2000.000,500.000,0.000,0.000,0.000,2500.000,700,0.000,300.000,6000.000,0,4,15000.000,0.000,15000.000,0.000,5000.000,500.000,2000.000,0.000,8000.000,1000.000,0.000,1000.000,17500.000,5
2014,2,100,27/02/1992,2,0,0,2010,2,7,2,2,0,0,13.782,0.983,2,0,0,1,2,7,1,0,0,0,0,1500.000,1000.000,0.000,0.000,2500.000,1400.000,760.000,0.000,0.000,0.000,0.000,150,60.000,130.000,2500.000,0,2,6560.000,0.000,6560.000,0.000,3000.000,460.000,800.000,0.000,0.000,800.000,0.000,1500.000,6560.000,5
2014,2,101,21/11/1991,2,0,1,2008,0,6,6,5,1,1,12.706,0.790,4,0,0,1,0,7,3,0,0,0,0,1500.000,2000.000,700.000,0.000,4200.000,500.000,3500.000,0.000,0.000,0.000,0.000,1000,0.000,0.000,5000.000,0,3,12749.000,3000.000,15749.000,0.000,6500.000,6700.000,2000.000,0.000,0.000,100.000,0.000,349.000,15649.000,4
2014,2,102,22/11/1993,2,0,1,2011,1,7,4,4,0,0,13.806,0.962,5,0,0,1,1,0,0,0,0,0,0,2000.000,600.000,0.000,500.000,3100.000,1000.000,100.000,0.000,0.000,1500.000,0.000,2000,1000.000,300.000,5900.000,1,5,180000.000,0.000,180000.000,0.000,10000.000,300.000,0.000,0.000,1300.000,4000.000,350.000,4000.000,19950.000,5
2014,1,103,10/04/1993,2,0,0,2011,2,7,2,2,0,2,13.339,,2,0,3,0,0,7,2,0,0,0,0,1500.000,1000.000,500.000,0.000,3000.000,1000.000,200.000,0.000,1000.000,300.000,0.000,500,0.000,0.000,3000.000,0,4,5000.000,0.000,5000.000,0.000,2000.000,500.000,300.000,1000.000,1000.000,200.000,0.000,0.000,5000.000,5
2014,1,104,10/04/1993,2,0,0,2011,2,7,2,2,0,2,13.339,,2,0,3,0,0,7,2,0,0,0,0,1500.000,1000.000,500.000,0.000,3000.000,1000.000,200.000,0.000,1000.000,300.000,0.000,500,0.000,0.000,3000.000,0,4,5000.000,0.000,5000.000,0.000,2000.000,500.000,300.000,1000.000,1000.000,200.000,0.000,0.000,5000.000,5
2014,2,105,27/03/1992,2,0,1,2009,2,9,4,4,0,0,14.157,0.972,2,1,1,0,0,0,1,0,0,0,0,1500.000,1500.000,1000.000,2000.000,6000.000,1200.000,200.000,500.000,400.000,1200.000,0.000,800,1800.000,500.000,6600.000,1,3,10500.000,6000.000,16500.000,0.000,5000.000,800.000,2500.000,600.000,4000.000,500.000,1200.000,1200.000,15800.000,5
2015,1,106,06/04/1992,2,0,1,2010,0,7,5,4,0,1,13.969,0.924,4,0,0,14,6,5,2,0,0,0,0,1500.000,3000.000,0.000,0.000,4500.000,1500.000,1000.000,0.000,0.000,500.000,0.000,600,500.000,400.000,4500.000,0,3,16.000,4000.000,4016.000,0.000,7000.000,2000.000,3000.000,0.000,0.000,2000.000,1000.000,5000.000,20000.000,5
2015,1,107,31/05/1994,2,0,1,2012,2,2,4,1,1,2,12.128,0.661,3,0,0,0,0,7,1,0,0,0,0,1500.000,0.000,0.000,0.000,1500.000,400.000,300.000,0.000,0.000,0.000,0.000,800,0.000,0.000,1500.000,0,2,10630.000,0.000,10630.000,0.000,7000.000,600.000,0.000,0.000,0.000,1000.000,1000.000,800.000,10400.000,5
2015,1,108,26/03/1994,2,0,0,2012,2,6,3,3,0,0,12.381,1.000,2,1,1,1,0,4,2,0,0,0,0,1500.000,1000.000,300.000,0.000,2800.000,200.000,300.000,0.000,0.000,400.000,0.000,200,0.000,200.000,1300.000,1,3,10500.000,0.000,10500.000,0.000,3000.000,2000.000,2500.000,0.000,0.000,1000.000,500.000,1500.000,10500.000,5
2015,1,109,13/11/1991,2,1,1,2010,2,7,4,4,0,0,13.981,0.964,4,0,0,1,0,7,1,0,0,0,0,1500.000,1000.000,1000.000,0.000,3500.000,1000.000,1000.000,0.000,0.000,0.000,0.000,1000,500.000,120.000,3620.000,0,2,9668.200,0.000,9668.200,500.000,1500.000,1000.000,0.000,0.000,2000.000,0.000,900.000,800.000,6700.000,5
2014,1,110,09/07/1993,2,1,1,2011,2,7,5,5,0,0,15.688,0.100,4,0,0,1,6,7,0,0,0,0,0,1500.000,5000.000,0.000,0.000,6500.000,2000.000,2500.000,0.000,0.000,500.000,0.000,1000,500.000,0.000,6500.000,0,2,10000.000,12000.000,22000.000,0.000,13000.000,4000.000,0.000,0.000,4000.000,1000.000,0.000,0.000,22000.000,5
2015,1,111,01/01/1994,2,0,1,2011,2,6,4,4,0,0,16.908,1.000,5,0,0,1,0,4,1,0,0,0,0,1500.000,3500.000,0.000,0.000,5000.000,2000.000,500.000,0.000,0.000,500.000,0.000,1500,500.000,0.000,5000.000,0,2,12000.000,0.000,12000.000,0.000,6000.000,1000.000,1500.000,0.000,1500.000,1500.000,500.000,0.000,12000.000,5
2014,1,112,01/02/1993,2,0,1,2010,0,7,4,4,0,0,13.600,1.000,4,0,0,1,6,7,2,0,0,1,0,1500.000,4000.000,1000.000,500.000,7000.000,2000.000,1000.000,500.000,500.000,1000.000,0.000,1000,1000.000,0.000,7000.000,1,3,15000.000,2000.000,17000.000,0.000,4000.000,2000.000,1000.000,0.000,2000.000,400.000,0.000,1000.000,10400.000,5
2014,2,113,05/12/1992,2,1,1,2012,2,5,4,4,0,0,13.521,0.945,7,0,0,1,5,7,0,0,0,0,0,1500.000,1800.000,0.000,2000.000,5300.000,1600.000,1400.000,200.000,0.000,250.000,0.000,1300,0.000,300.000,5050.000,0,2,6000.000,3000.000,9000.000,0.000,4000.000,200.000,3000.000,0.000,0.000,600.000,0.000,300.000,8100.000,5
2014,1,114,27/12/1990,2,1,1,2008,0,10,2,2,0,0,14.385,1.000,2,1,1,1,5,4,1,0,0,0,0,1500.000,1000.000,0.000,0.000,2500.000,200.000,200.000,100.000,500.000,0.000,0.000,1000,0.000,500.000,2500.000,0,2,7209.520,0.000,7209.520,0.000,5000.000,100.000,109.520,0.000,1000.000,0.000,0.000,1000.000,7209.520,4
2015,1,115,17/06/1993,2,0,1,2010,0,5,4,4,0,0,15.666,1.000,7,0,0,0,0,7,1,0,0,0,0,1500.000,500.000,500.000,0.000,2500.000,500.000,0.000,0.000,0.000,500.000,0.000,1000,500.000,0.000,2500.000,4,4,5622.480,2000.000,7622.480,0.000,4000.000,500.000,1000.000,0.000,0.000,600.000,500.000,1000.000,7600.000,4
2014,2,116,13/12/2015,2,0,1,2008,0,10,2,2,0,2,13.920,0.100,2,1,1,1,0,7,6,0,0,0,0,1500.000,500.000,500.000,0.000,2500.000,1000.000,50.000,0.000,0.000,400.000,150.000,200,0.000,50.000,1850.000,1,3,8000.000,2000.000,10000.000,0.000,9000.000,500.000,0.000,0.000,0.000,500.000,200.000,500.000,10700.000,3
2015,1,117,30/06/1993,2,0,1,2009,0,5,4,4,0,0,13.500,1.000,5,0,0,5,0,6,6,0,0,0,0,1500.000,1500.000,0.000,0.000,3000.000,700.000,200.000,100.000,0.000,200.000,1500.000,300,0.000,0.000,3000.000,1,3,5660.000,0.000,5660.000,0.000,3860.000,300.000,0.000,0.000,0.000,0.000,0.000,0.000,4160.000,4
2014,2,118,24/06/1991,2,0,1,2010,0,8,5,5,0,0,13.621,1.000,4,0,0,1,3,5,1,0,0,0,0,1500.000,500.000,500.000,0.000,2500.000,1500.000,300.000,1000.000,0.000,600.000,0.000,3000,600.000,600.000,7600.000,4,3,3000.000,2000.000,5000.000,0.000,3000.000,0.000,3000.000,0.000,0.000,1000.000,3000.000,1000.000,11000.000,4
2014,1,119,12/07/1994,2,0,0,2012,2,2,2,2,0,2,10.333,0.533,4,0,0,0,0,7,1,0,0,0,0,1500.000,3000.000,0.000,0.000,4500.000,1500.000,680.000,2000.000,2000.000,1500.000,0.000,2000,0.000,750.000,10430.000,0,4,6000.000,2000.000,8000.000,300.000,4000.000,880.000,3500.000,4000.000,2500.000,700.000,300.000,1000.000,17180.000,5
2014,2,120,18/08/1994,2,0,1,2011,2,5,3,3,0,0,14.423,1.000,6,0,0,0,0,7,4,0,0,1,0,1500.000,1500.000,0.000,0.000,3000.000,1200.000,180.000,0.000,0.000,1000.000,0.000,400,0.000,200.000,2980.000,1,2,7265.000,5000.000,12265.000,3500.000,5000.000,300.000,1500.000,0.000,0.000,300.000,0.000,200.000,10800.000,5
2014,11,121,26/06/1994,2,0,0,2011,2,6,3,3,0,0,11.800,0.972,2,1,3,2,0,4,1,0,0,0,0,1500.000,3000.000,1000.000,0.000,5500.000,3000.000,1200.000,0.000,0.000,2500.000,0.000,2800,1500.000,2000.000,13000.000,1,3,8656.000,3500.000,12156.000,0.000,5000.000,3000.000,0.000,0.000,800.000,300.000,150.000,2500.000,11750.000,3
2015,1,122,23/07/1993,2,0,0,2010,2,7,2,2,0,0,13.565,0.983,2,0,0,0,0,7,1,0,0,0,0,1500.000,1000.000,0.000,0.000,2500.000,550.000,200.000,0.000,0.000,0.000,0.000,1300,0.000,250.000,2300.000,0,2,8500.000,0.000,8500.000,0.000,2500.000,500.000,300.000,0.000,0.000,1000.000,1300.000,1500.000,7100.000,5
2014,2,123,31/05/1993,2,0,1,2010,0,6,5,5,0,0,15.700,1.000,4,0,0,1,6,0,2,0,0,0,0,1500.000,800.000,0.000,200.000,2500.000,2000.000,1500.000,1800.000,1000.000,1500.000,0.000,3000,1000.000,500.000,12300.000,0,3,9570.000,4000.000,13570.000,0.000,5000.000,2000.000,1800.000,1000.000,2000.000,500.000,2500.000,800.000,15600.000,4
2014,2,124,14/12/1992,2,0,1,2013,2,4,5,2,1,2,11.700,0.513,5,0,0,15,0,7,4,0,0,0,0,1500.000,2500.000,1500.000,0.000,5500.000,1500.000,200.000,0.000,0.000,300.000,1500.000,1500,200.000,200.000,5400.000,1,3,6747.000,2000.000,8747.000,0.000,2300.000,0.000,2500.000,0.000,0.000,100.000,0.000,2000.000,6900.000,5
2014,1,125,15/08/1994,2,0,1,2011,0,6,6,6,0,0,16.337,1.000,4,0,0,0,0,7,1,0,0,0,0,1500.000,1500.000,0.000,0.000,3000.000,900.000,300.000,0.000,0.000,500.000,0.000,1300,0.000,0.000,3000.000,0,2,6137.000,0.000,6137.000,0.000,3000.000,1000.000,0.000,0.000,1100.000,1000.000,0.000,0.000,6100.000,5
2014,2,126,27/08/1992,2,0,1,2012,0,5,5,5,0,0,15.420,0.945,7,0,0,1,5,1,1,0,0,0,0,1500.000,300.000,0.000,0.000,1800.000,0.000,300.000,0.000,0.000,1000.000,0.000,300,0.000,200.000,1800.000,0,4,5418.000,0.000,5418.000,0.000,3500.000,300.000,0.000,0.000,0.000,1000.000,200.000,150.000,5150.000,4
2015,1,127,15/02/1993,2,0,1,2011,2,6,5,5,0,0,13.693,0.898,4,0,0,1,5,7,1,0,0,0,0,1500.000,1500.000,0.000,0.000,3000.000,1000.000,500.000,0.000,0.000,0.000,0.000,800,300.000,0.000,2600.000,0,2,10000.000,0.000,10000.000,0.000,3000.000,500.000,0.000,0.000,0.000,1000.000,2500.000,0.000,7000.000,3
2015,1,128,30/10/1993,2,0,1,2011,0,2,5,3,2,0,13.500,0.818,5,0,0,0,0,7,1,0,0,1,0,1500.000,2000.000,0.000,0.000,3500.000,1000.000,500.000,0.000,700.000,500.000,0.000,1500,0.000,0.000,4200.000,0,4,8000.000,0.000,8000.000,0.000,3000.000,500.000,2000.000,0.000,2000.000,500.000,0.000,500.000,8500.000,4
2014,2,129,08/04/1994,2,0,1,2011,0,7,4,4,0,0,14.424,1.000,6,0,0,1,1,0,2,0,0,0,0,1500.000,400.000,0.000,0.000,1900.000,0.000,250.000,0.000,0.000,600.000,0.000,500,200.000,0.000,1550.000,0,4,7600.000,5600.000,13200.000,0.000,10000.000,500.000,0.000,0.000,0.000,200.000,0.000,1100.000,11800.000,5
2014,2,130,23/03/1993,2,0,1,2011,2,5,5,5,5,0,13.065,1.000,5,0,0,1,6,7,1,0,0,0,0,1500.000,1000.000,0.000,0.000,2500.000,0.000,500.000,0.000,0.000,1000.000,0.000,700,0.000,300.000,2500.000,0,3,8000.000,3000.000,11000.000,180.000,7000.000,500.000,1500.000,0.000,0.000,310.000,400.000,1110.000,11000.000,4
2014,11,131,26/05/1993,2,0,0,2010,2,6,3,3,0,0,12.238,0.840,2,1,0,0,0,7,2,0,0,0,1,1500.000,9000.000,0.000,1500.000,12000.000,0.000,500.000,0.000,950.000,1000.000,0.000,700,0.000,0.000,3150.000,0,4,9000.000,0.000,9000.000,0.000,5000.000,2000.000,0.000,0.000,0.000,0.000,0.000,0.000,7000.000,5
2014,1,132,22/01/1994,2,0,0,2012,2,5,4,4,0,0,12.000,0.954,3,0,0,0,0,7,0,0,0,0,0,1500.000,300.000,0.000,0.000,1800.000,3000.000,300.000,0.000,0.000,300.000,0.000,500,0.000,300.000,4400.000,1,1,2457.020,0.000,2457.020,0.000,5000.000,300.000,0.000,0.000,0.000,500.000,0.000,500.000,6300.000,5
2014,1,133,12/09/1994,2,0,1,2012,2,4,5,5,0,0,15.690,1.000,5,0,0,5,0,7,3,0,0,0,0,1500.000,500.000,200.000,0.000,2200.000,2000.000,600.000,0.000,0.000,300.000,0.000,400,0.000,200.000,3500.000,0,4,6000.000,0.000,6000.000,0.000,4500.000,700.000,500.000,0.000,0.000,200.000,0.000,1500.000,7400.000,5
2014,2,134,06/12/1994,2,0,1,2012,0,5,5,4,0,1,12.500,0.870,6,0,0,5,0,0,3,0,0,0,0,1500.000,1400.000,0.000,0.000,2900.000,1500.000,200.000,0.000,0.000,500.000,0.000,700,0.000,0.000,2900.000,1,6,16043.760,0.000,16043.760,0.000,9000.000,2700.000,0.000,0.000,3000.000,1000.000,0.000,343.760,16043.760,4
2015,1,135,18/02/1993,2,0,1,2011,1,5,5,4,0,1,13.157,,5,0,0,16,7,4,1,1,0,0,0,1500.000,0.000,0.000,1500.000,3000.000,500.000,500.000,600.000,400.000,200.000,300.000,200,100.000,100.000,2900.000,5,1,2000.000,0.000,2000.000,0.000,500.000,500.000,600.000,400.000,200.000,100.000,200.000,100.000,2600.000,5
2014,2,136,01/12/1993,2,0,1,2012,0,5,5,5,0,0,14.320,0.918,6,0,0,10,0,7,4,1,0,0,0,1500.000,4000.000,1500.000,0.000,7000.000,1000.000,100.000,0.000,0.000,300.000,5000.000,600,0.000,0.000,7000.000,1,5,6500.000,3000.000,9500.000,2500.000,2000.000,200.000,450.000,0.000,150.000,350.000,0.000,300.000,5950.000,4
2015,1,137,12/06/1991,2,0,0,2013,2,4,4,5,0,5,14.000,1.000,4,0,0,1,4,0,0,0,0,0,0,1500.000,300.000,100.000,200.000,2100.000,1000.000,200.000,300.000,0.000,0.000,0.000,500,0.000,100.000,2100.000,0,2,6000.000,0.000,6000.000,0.000,3000.000,600.000,0.000,0.000,2000.000,0.000,0.000,0.000,5600.000,4
2014,1,138,01/03/1993,2,0,1,2009,0,6,5,4,0,1,11.686,0.716,5,0,0,1,4,0,1,0,0,0,1,1500.000,3600.000,2800.000,2000.000,9900.000,3000.000,500.000,1500.000,600.000,1500.000,0.000,2000,500.000,120.000,9720.000,0,1,6747.000,10000.000,16747.000,3000.000,8000.000,500.000,3000.000,600.000,0.000,600.000,1000.000,0.000,16700.000,4
2014,2,139,11/04/1994,2,0,1,2012,0,5,4,4,1,0,11.857,0.789,6,0,0,1,6,0,2,0,0,0,0,1500.000,600.000,0.000,0.000,2100.000,0.000,400.000,0.000,800.000,0.000,0.000,800,0.000,200.000,2200.000,0,3,6852.080,0.000,6852.080,0.000,4000.000,800.000,0.000,1400.000,0.000,250.000,0.000,600.000,7050.000,4
2014,1,140,07/09/1993,2,0,0,2010,0,6,3,3,0,0,14.371,1.000,1,1,1,1,7,0,casa,0,0,0,0,1500.000,500.000,500.000,0.000,2500.000,500.000,150.000,500.000,500.000,500.000,0.000,500,0.000,0.000,2650.000,0,5,7500.000,0.000,7500.000,0.000,5000.000,1000.000,1000.000,0.000,0.000,0.000,0.000,500.000,7500.000,5
2014,1,141,04/02/1995,2,0,0,2012,0,4,5,5,0,0,,1.000,4,0,0,0,0,7,2,0,0,0,0,2000.000,2000.000,0.000,0.000,4000.000,500.000,500.000,0.000,0.000,1000.000,0.000,600,1000.000,300.000,3900.000,0,6,7721.560,3000.000,10721.560,0.000,6000.000,1500.000,0.000,0.000,0.000,1000.000,0.000,1500.000,10000.000,4
2014,1,142,28/02/1992,2,0,1,2010,2,4,5,3,1,1,12.780,0.484,3,0,0,1,5,7,2,0,0,0,0,1500.000,2000.000,0.000,0.000,3500.000,0.000,2000.000,0.000,0.000,0.000,0.000,1500,0.000,0.000,3500.000,0,2,7000.000,0.000,7000.000,0.000,3000.000,4000.000,0.000,0.000,0.000,0.000,0.000,0.000,7000.000,5
2014,1,143,18/02/1993,2,1,0,2010,0,7,2,2,0,0,14.539,0.966,2,0,0,1,5,4,2,0,0,0,0,1500.000,4000.000,500.000,2400.000,8400.000,2800.000,500.000,500.000,0.000,1000.000,0.000,2000,1000.000,500.000,8300.000,1,8,55635.460,2000.000,57635.460,5324.980,15500.000,2000.000,8780.000,2000.000,3000.000,5650.000,2250.450,9950.000,54455.430,5
2014,1,144,25/05/1995,2,0,0,2014,2,3,5,5,0,0,14.909,1.000,5,0,0,1,5,0,3,0,0,0,0,1500.000,1000.000,0.000,0.000,2500.000,600.000,400.000,0.000,0.000,300.000,0.000,700,0.000,500.000,2500.000,1,4,25000.000,8000.000,33000.000,1000.000,10000.000,1000.000,2500.000,800.000,3000.000,800.000,0.000,4900.000,24000.000,4
2014,2,145,17/06/1993,2,0,0,2011,0,6,3,3,0,0,14.841,1.000,2,0,0,5,0,7,3,0,0,0,0,1500.000,1000.000,0.000,0.000,2500.000,800.000,250.000,150.000,0.000,300.000,0.000,800,0.000,200.000,2500.000,0,3,425140.000,0.000,425140.000,0.000,1500.000,500.000,700.000,0.000,1000.000,300.000,0.000,250.000,4250.000,5
2015,1,146,12/04/1993,2,0,1,2011,2,6,5,5,0,0,15.490,1.000,4,0,0,0,0,0,1,0,0,0,0,1500.000,4000.000,200.000,0.000,5700.000,900.000,500.000,500.000,500.000,1000.000,0.000,2000,500.000,200.000,6100.000,1,2,8773759.000,2000.000,8775759.000,0.000,5000.000,1000.000,0.000,500.000,2000.000,500.000,500.000,1000.000,10500.000,5
2014,2,147,29/10/1992,2,0,0,2010,0,7,2,2,0,0,12.630,0.920,2,0,0,12,0,4,3,0,0,0,0,1500.000,2000.000,0.000,0.000,3500.000,1500.000,1000.000,0.000,0.000,500.000,0.000,700,500.000,300.000,4500.000,4,3,9680.000,0.000,9680.000,0.000,4000.000,2000.000,3000.000,0.000,0.000,1000.000,0.000,2500.000,12500.000,5
2014,2,148,19/07/1993,2,0,1,2011,2,7,4,4,0,0,14.800,1.000,4,0,0,1,7,7,3,0,0,0,0,1500.000,2000.000,0.000,0.000,3500.000,1000.000,500.000,0.000,0.000,500.000,0.000,1500,0.000,0.000,3500.000,0,2,15060.000,0.000,15060.000,0.000,8000.000,800.000,1500.000,0.000,0.000,1000.000,0.000,3000.000,14300.000,4
2014,1,149,04/09/1992,2,0,0,2010,2,7,2,2,0,0,12.130,0.816,2,0,0,1,1,7,2,0,0,0,0,1500.000,1000.000,0.000,0.000,2500.000,1000.000,1000.000,800.000,1000.000,800.000,0.000,1000,0.000,160.000,5760.000,0,4,6200.000,1500.000,7700.000,0.000,36000.000,1000.000,800.000,1000.000,0.000,200.000,0.000,300.000,39300.000,5
2014,1,150,21/03/1993,2,0,0,2014,0,3,5,5,0,0,15.555,1.000,5,0,0,1,1,7,2,0,0,0,0,1500.000,1000.000,0.000,0.000,2500.000,300.000,400.000,0.000,0.000,800.000,0.000,800,0.000,200.000,2500.000,0,4,8000.000,0.000,8000.000,0.000,3000.000,500.000,1000.000,0.000,2500.000,500.000,0.000,500.000,8000.000,5
2014,2,151,07/12/1993,2,1,1,2011,0,5,4,4,0,0,15.180,1.000,7,0,0,17,0,7,1,0,0,0,0,1500.000,3500.000,0.000,0.000,5000.000,1500.000,250.000,0.000,0.000,0.000,3000.000,250,0.000,0.000,5000.000,0,2,15000.000,0.000,15000.000,0.000,8000.000,1000.000,2000.000,0.000,2000.000,1000.000,0.000,1000.000,15000.000,4
2014,2,152,18/05/1992,2,0,0,2011,2,7,1,1,0,0,15.617,1.000,2,0,0,0,0,7,2,0,0,0,0,1500.000,500.000,0.000,0.000,2000.000,400.000,150.000,0.000,0.000,600.000,0.000,300,400.000,150.000,2000.000,0,2,9600.000,0.000,9600.000,0.000,5000.000,500.000,1000.000,0.000,1800.000,100.000,0.000,1200.000,9600.000,1
2014,2,153,04/02/1994,2,0,1,2011,0,7,5,5,0,0,16.461,1.000,5,0,0,18,0,5,1,0,0,0,0,1500.000,2000.000,500.000,0.000,4000.000,1000.000,300.000,0.000,0.000,500.000,0.000,1200,600.000,200.000,3800.000,1,5,10500.000,2000.000,12500.000,0.000,7000.000,600.000,1500.000,0.000,0.000,800.000,0.000,800.000,10700.000,5
2015,1,154,20/02/1994,2,1,1,2011,2,5,4,4,0,0,15.101,1.000,7,0,0,1,6,7,0,0,0,0,0,1500.000,1300.000,0.000,0.000,2800.000,600.000,1000.000,0.000,0.000,200.000,0.000,1000,0.000,0.000,2800.000,0,5,22600.000,0.000,22600.000,153.000,8000.000,2000.000,3500.000,1000.000,975.000,500.000,100.000,500.000,16728.000,4
2015,1,155,23/06/1994,2,0,0,2012,2,5,4,4,0,0,15.463,1.000,3,0,0,0,0,7,1,0,0,0,0,1500.000,500.000,0.000,0.000,2000.000,500.000,150.000,0.000,0.000,150.000,0.000,1200,0.000,0.000,2000.000,0,3,19400.000,0.000,19400.000,3000.000,4400.000,500.000,0.000,0.000,10000.000,1000.000,0.000,500.000,19400.000,5
2014,1,156,07/04/1994,2,0,0,2012,0,5,4,4,0,0,14.634,1.000,3,0,0,0,0,7,2,0,0,0,0,1500.000,1000.000,0.000,0.000,2500.000,400.000,500.000,0.000,0.000,0.000,0.000,1600,0.000,0.000,2500.000,0,3,5247.000,5622.000,10869.000,0.000,7400.000,1000.000,1000.000,0.000,469.000,300.000,0.000,700.000,10869.000,5
2014,1,157,09/05/1993,2,0,0,2010,2,7,2,2,0,0,12.000,0.980,2,0,0,1,1,5,1,0,0,0,0,1500.000,1000.000,0.000,0.000,2500.000,0.000,400.000,0.000,0.000,800.000,0.000,800,500.000,0.000,2500.000,4,4,5300.000,0.000,5300.000,800.000,3000.000,400.000,0.000,0.000,0.000,600.000,500.000,0.000,5300.000,4
2014,2,158,14/12/1993,2,0,1,2012,0,6,5,5,0,0,16.582,1.000,4,0,0,1,5,7,1,0,0,0,0,1500.000,500.000,0.000,300.000,2300.000,450.000,200.000,200.000,0.000,500.000,0.000,600,300.000,50.000,2300.000,0,1,8000.000,1000.000,9000.000,0.000,3500.000,1000.000,1200.000,1000.000,0.000,200.000,700.000,400.000,8000.000,5
2014,1,159,17/11/1993,2,0,0,2012,2,5,4,4,0,0,15.730,1.000,3,0,0,0,0,0,2,0,0,0,0,1500.000,1200.000,0.000,0.000,2700.000,1500.000,250.000,100.000,0.000,400.000,0.000,350,100.000,0.000,2700.000,0,2,5175.000,4000.000,9175.000,0.000,3800.000,1400.000,1000.000,0.000,600.000,700.000,0.000,400.000,7900.000,4
2014,1,160,24/05/1994,2,0,1,2011,0,5,5,5,0,0,16.533,1.000,6,0,0,1,6,4,1,0,0,0,0,1500.000,2000.000,0.000,0.000,3500.000,850.000,1400.000,400.000,0.000,0.000,0.000,600,0.000,250.000,3500.000,0,3,10000.000,0.000,10000.000,680.000,3000.000,3200.000,1400.000,720.000,0.000,300.000,400.000,300.000,10000.000,5
2014,1,161,18/09/1995,2,0,1,2013,0,4,5,5,0,0,15.673,1.000,5,0,0,1,1,7,1,0,0,0,0,1500.000,1000.000,1000.000,0.000,3500.000,2000.000,500.000,0.000,0.000,300.000,0.000,300,0.000,0.000,3100.000,0,2,9443.000,4400.000,13843.000,0.000,4000.000,1000.000,5000.000,0.000,0.000,0.000,600.000,0.000,10600.000,4
2014,1,162,08/11/1995,2,0,0,2012,0,5,4,4,0,0,14.375,1.000,3,0,0,0,0,0,1,0,0,0,0,1500.000,400.000,0.000,0.000,1900.000,0.000,800.000,0.000,0.000,400.000,0.000,600,0.000,0.000,1800.000,1,4,13143.000,0.000,13143.000,0.000,5000.000,1600.000,0.000,0.000,0.000,1000.000,1800.000,3743.000,13143.000,4
2015,1,163,09/02/1994,2,0,1,2011,0,6,5,4,0,1,13.082,,5,0,0,6,1,5,1,0,0,0,0,1500.000,0.000,2000.000,400.000,3900.000,800.000,72.000,0.000,700.000,500.000,0.000,1000,300.000,200.000,3572.000,4,3,5622.000,2000.000,7622.000,121.000,7000.000,100.000,300.000,0.000,0.000,547.000,0.000,0.000,8068.000,5
2014,1,164,01/11/1995,2,0,1,2013,0,4,5,5,0,0,13.211,1.000,6,0,0,7,1,7,4,0,0,0,0,1500.000,7000.000,0.000,0.000,8500.000,1000.000,150.000,0.000,0.000,0.000,5000.000,500,350.000,0.000,7000.000,0,4,7381.000,0.000,7381.000,0.000,3000.000,0.000,0.000,0.000,0.000,0.000,0.000,4000.000,7000.000,5
2014,1,165,27/10/1995,2,0,0,2014,0,3,5,5,0,0,13.805,1.000,5,1,2,0,0,0,1,0,0,0,0,1500.000,1000.000,500.000,0.000,3000.000,0.000,500.000,0.000,0.000,0.000,0.000,2000,0.000,500.000,3000.000,1,3,8400.000,5000.000,13400.000,2000.000,4000.000,1000.000,4000.000,0.000,1300.000,700.000,800.000,0.000,13800.000,5
2014,1,166,25/09/1994,2,0,1,2012,2,4,6,6,0,0,15.272,1.000,6,0,0,1,2,7,0,0,0,0,0,1500.000,1000.000,0.000,0.000,2500.000,0.000,400.000,0.000,800.000,1000.000,0.000,300,300.000,200.000,3000.000,0,2,9828.000,0.000,9828.000,0.000,6000.000,1000.000,0.000,1000.000,0.000,1200.000,0.000,900.000,10100.000,5
2014,1,167,01/06/1994,2,0,0,2011,2,7,2,2,0,0,12.808,1.000,2,0,0,0,0,0,1,0,0,0,0,1500.000,0.000,0.000,0.000,1500.000,800.000,300.000,150.000,0.000,800.000,0.000,600,0.000,200.000,2850.000,1,1,11200.000,0.000,11200.000,200.000,6000.000,500.000,4000.000,1500.000,0.000,1000.000,400.000,600.000,14200.000,5
2015,1,168,20/05/1994,2,0,1,2012,0,4,5,5,0,0,15.923,1.000,5,0,0,1,6,0,1,0,0,0,0,1500.000,4000.000,0.000,0.000,5500.000,0.000,2200.000,900.000,0.000,800.000,0.000,1600,0.000,0.000,5500.000,1,3,5622.000,5100.000,10722.000,0.000,4500.000,500.000,4000.000,0.000,1030.000,292.000,400.000,0.000,10722.000,5
2014,1,169,14/12/1994,2,0,0,2013,2,2,3,1,1,1,10.904,0.808,3,1,1,0,0,7,2,0,0,0,0,1500.000,1500.000,0.000,0.000,3000.000,300.000,300.000,1000.000,0.000,0.000,0.000,1000,0.000,170.000,2770.000,0,3,13700.000,0.000,13700.000,0.000,7000.000,1000.000,2000.000,0.000,1500.000,1000.000,0.000,200.000,12700.000,5
2014,1,170,09/01/1994,2,0,0,2011,2,5,3,2,0,1,13.489,0.914,1,0,0,0,0,0,1,0,0,0,0,1500.000,2000.000,0.000,0.000,3500.000,1400.000,600.000,0.000,0.000,0.000,0.000,900,300.000,300.000,3500.000,0,3,10000.000,4000.000,14000.000,0.000,9000.000,2000.000,0.000,0.000,0.000,2000.000,1000.000,0.000,14000.000,4
2014,1,171,03/08/1994,2,0,0,2011,2,7,2,2,0,0,13.460,1.000,2,0,0,0,0,0,1,0,0,0,0,1500.000,1000.000,0.000,0.000,2500.000,1000.000,600.000,200.000,400.000,300.000,0.000,100,100.000,100.000,2800.000,0,4,13312.000,0.000,13312.000,0.000,8500.000,1200.000,1000.000,1000.000,0.000,600.000,400.000,2000.000,14700.000,5
2014,1,172,21/09/1994,2,0,0,2011,2,3,3,3,0,0,11.763,0.826,5,1,2,0,0,5,2,0,0,0,0,1500.000,500.000,500.000,800.000,3300.000,1000.000,544.000,900.000,0.000,500.000,0.000,2000,900.000,2160.000,8004.000,4,5,14810.000,9000.000,23810.000,0.000,10600.000,1124.000,6700.000,0.000,200.000,1690.000,0.000,1431.000,21745.000,5
2015,1,173,15/08/1996,2,0,1,2013,2,3,5,1,0,4,12.700,0.556,4,0,0,0,0,0,1,0,0,0,0,1500.000,400.000,0.000,0.000,1900.000,0.000,400.000,0.000,300.000,400.000,0.000,400,0.000,300.000,1800.000,0,3,8866.270,0.000,8866.270,0.000,3000.000,1000.000,900.000,1000.000,1000.000,1000.000,500.000,370.000,8770.000,3
2015,1,174,21/10/1995,2,0,1,2014,2,2,4,4,0,0,13.458,,6,0,0,0,0,0,2,0,0,0,0,1500.000,2500.000,0.000,0.000,4000.000,1500.000,500.000,600.000,0.000,1000.000,0.000,1000,600.000,300.000,5500.000,0,4,13414.000,6000.000,19414.000,200.000,12000.000,2000.000,1500.000,0.000,1500.000,800.000,0.000,2500.000,20500.000,4
2015,1,175,14/09/1995,2,0,0,2013,2,3,5,5,0,0,13.333,1.000,4,1,3,1,1,7,2,0,0,0,0,1500.000,2000.000,0.000,0.000,3500.000,0.000,800.000,0.000,0.000,0.000,0.000,1000,1000.000,0.000,2800.000,0,1,6800.000,3000.000,9800.000,0.000,4000.000,1300.000,1500.000,0.000,0.000,500.000,0.000,0.000,7300.000,5
2015,1,176,16/09/1996,2,0,1,2013,2,1,5,2,0,3,12.700,0.357,3,0,0,5,0,0,2,0,0,1,0,1500.000,1000.000,0.000,0.000,2500.000,2000.000,500.000,0.000,0.000,0.000,0.000,1500,0.000,0.000,4000.000,1,4,5909.300,2000.000,7909.300,0.000,3000.000,1000.000,2000.000,0.000,1000.000,500.000,0.000,500.000,8000.000,4
2014,1,177,11/10/1996,2,1,1,2014,0,2,5,5,0,0,16.600,1.000,5,0,0,17,1,7,4,0,0,0,0,1500.000,4000.000,4000.000,0.000,9500.000,3000.000,400.000,2000.000,1200.000,1300.000,6500.000,2070,400.000,760.000,17630.000,1,2,12054.500,10000.000,22054.500,1700.000,4500.000,300.000,2000.000,0.000,0.000,700.000,250.000,1800.000,11250.000,5
2014,11,178,17/06/1996,2,0,0,2014,1,2,5,2,0,3,12.352,0.531,5,0,0,1,2,0,1,0,0,0,0,1500.000,1000.000,0.000,0.000,2500.000,1000.000,80.000,0.000,0.000,420.000,0.000,1000,0.000,0.000,2500.000,1,1,13500.000,17879.000,31379.000,2000.000,10000.000,800.000,700.000,0.000,0.000,1512.000,3500.000,0.000,18512.000,3
2015,1,179,24/10/1996,2,1,1,2014,1,3,4,4,0,0,13.936,0.100,4,0,0,0,0,7,1,0,0,0,0,1500.000,1200.000,500.000,0.000,3200.000,400.000,500.000,300.000,1200.000,1000.000,0.000,2000,450.000,250.000,6100.000,0,4,8138.000,0.000,8138.000,0.000,7000.000,1200.000,2190.000,1500.000,4000.000,300.000,200.000,0.000,16390.000,5
2014,1,180,03/03/1996,2,0,0,2014,2,3,5,5,0,1,15.027,,5,1,2,1,6,7,5,0,0,1,0,1500.000,500.000,300.000,0.000,2300.000,500.000,1000.000,1000.000,2500.000,1000.000,0.000,3000,1000.000,1000.000,11000.000,0,3,5600.000,2000.000,7600.000,2000.000,5000.000,3000.000,1500.000,2500.000,0.000,2000.000,0.000,2000.000,18000.000,5
2014,1,181,03/03/1995,2,0,1,2012,0,4,5,5,1,0,15.000,1.000,5,0,0,6,0,7,6,0,0,0,0,2000.000,6500.000,0.000,0.000,8500.000,1800.000,500.000,0.000,0.000,400.000,5000.000,600,0.000,200.000,8500.000,1,5,19266.000,0.000,19266.000,0.000,8500.000,400.000,1000.000,0.000,0.000,1000.000,0.000,1500.000,12400.000,4
2015,1,182,20/03/1996,2,0,1,2014,0,3,4,4,0,0,14.750,1.000,5,0,0,0,0,0,0,0,0,0,0,1500.000,2000.000,0.000,0.000,3500.000,1500.000,300.000,0.000,0.000,600.000,0.000,150,0.000,100.000,2650.000,1,4,13871.000,5622.000,19493.000,0.000,16000.000,1000.000,0.000,0.000,0.000,1000.000,0.000,6000.000,24000.000,5
2014,2,183,03/07/1995,2,0,1,2012,2,4,6,6,0,0,14.581,0.100,6,0,0,0,0,7,1,0,0,0,0,1500.000,600.000,0.000,0.000,2100.000,1000.000,100.000,500.000,0.000,600.000,0.000,500,0.000,0.000,2700.000,1,3,8100.000,0.000,8100.000,0.000,12000.000,500.000,2000.000,0.000,0.000,500.000,450.000,400.000,15850.000,5
2015,1,184,12/05/1995,2,0,0,2013,0,4,5,5,0,0,13.413,1.000,4,0,0,17,1,7,1,0,0,0,0,1500.000,1500.000,0.000,0.000,3000.000,500.000,200.000,500.000,0.000,500.000,3000.000,1000,0.000,80.000,5780.000,0,1,5650.000,0.000,5650.000,1000.000,500.000,200.000,2000.000,0.000,0.000,0.000,0.000,100.000,3800.000,4
2014,1,185,19/11/1996,2,0,0,2014,2,2,5,5,0,0,14.117,1.000,5,0,0,0,0,4,1,0,0,1,0,1500.000,1000.000,0.000,0.000,2500.000,1000.000,800.000,1000.000,0.000,1500.000,0.000,2000,200.000,200.000,6700.000,4,4,15000.000,1200.000,16200.000,0.000,12000.000,1000.000,3000.000,0.000,2500.000,2000.000,2000.000,2100.000,24600.000,3
2014,1,186,30/03/1995,2,0,0,2012,0,5,4,4,0,0,14.597,1.000,3,0,0,0,0,0,2,0,0,0,0,1500.000,1300.000,0.000,0.000,2800.000,1600.000,300.000,100.000,0.000,350.000,0.000,350,100.000,0.000,2800.000,0,3,6537.000,3400.000,9937.000,0.000,6000.000,1100.000,450.000,0.000,0.000,400.000,200.000,487.000,8637.000,4
2014,1,187,29/08/1996,2,0,0,2014,0,3,5,5,0,0,15.000,1.000,5,0,0,1,7,7,2,1,0,0,0,1500.000,0.000,2000.000,0.000,3500.000,0.000,1320.000,0.000,0.000,300.000,0.000,300,0.000,250.000,2170.000,0,1,0.000,3000.000,3000.000,0.000,2500.000,200.000,0.000,0.000,0.000,300.000,0.000,0.000,3000.000,5
2015,2,188,02/08/1996,2,0,1,2014,0,2,5,3,0,2,11.400,0.385,4,0,0,10,2,6,4,0,0,0,0,1500.000,3000.000,5000.000,0.000,9500.000,1000.000,500.000,1000.000,500.000,0.000,5000.000,1500,0.000,0.000,9500.000,0,3,7873.440,0.000,7873.440,0.000,2000.000,1000.000,2500.000,0.000,600.000,650.000,0.000,1000.000,7750.000,3
2014,2,189,19/10/1994,2,0,1,2012,0,6,7,7,0,0,14.314,0.967,4,0,0,0,0,7,2,0,0,0,0,1500.000,1000.000,0.000,0.000,2500.000,500.000,600.000,0.000,0.000,500.000,0.000,500,200.000,200.000,2500.000,0,3,6126.000,0.000,6126.000,0.000,3000.000,1200.000,1000.000,0.000,0.000,500.000,0.000,400.000,6100.000,5
2014,2,190,07/01/1991,2,1,1,2012,2,5,4,4,0,0,16.449,1.000,7,0,0,1,5,0,0,0,0,0,0,1500.000,2000.000,200.000,0.000,3700.000,1500.000,2300.000,0.000,0.000,0.000,0.000,700,110.000,200.000,4810.000,0,4,14000.000,6000.000,20000.000,0.000,10000.000,3000.000,3000.000,0.000,500.000,2000.000,300.000,800.000,19600.000,5
